<?xml version='1.0' encoding='UTF-8'?>
<system creation-date="2023-04-09 13:40:09.357000" desc="" enable="False" id="DF70D958-E841-4D9A-9E17-8559D200EE7B" last-modified-date="" name="Controller1"><applications><application name="RobotWare" version="6.15.2027"><settings><system-xml path="C:\Users\Kailash\Documents\RobotStudio\Projects\Material Handling - Number 22\Virtual Controllers\Controller1\system.xml" /><key-id path="C:\Users\Kailash\Documents\RobotStudio\Projects\Material Handling - Number 22\Virtual Controllers\Controller1\INTERNAL\key.id" /><setting-file path="C:\Users\Kailash\Documents\RobotStudio\Projects\Material Handling - Number 22\Virtual Controllers\Controller1\INTERNAL\controller.rsf" /></settings></application></applications></system>